age,gender,city,position,yearsOfexperience,additionalcompensation,currentsalary,companytype,industry,skills,company,race
,,,Software Engineer,3,0,21000,,,,JPMorgan Chase,Asian
,,,Software Engineer,20,0,146000,,,,Disney,White
,,,Product Manager,8,0,110000,,,,Northwestern Mutual,Two Or More
,,,Software Engineer,3,0,128000,,,,Google,White
,,,Technical Program Manager,7,0,182000,,,,Twitch,Hispanic
,,,Management Consultant,7,0,173000,,,,Google,White
,,,Marketing,8,0,140000,,,,Logitech,Asian
,,,Software Engineer,0,0,81000,,,,Intel,White
,,,Software Engineer,17,0,145000,,,,Publicis Sapient,Asian
,,,Hardware Engineer,20,0,219000,,,,Qualcomm,Asian
,,,Software Engineer,6,0,170000,,,,Twitter,White
,,,Software Engineer,3,0,122000,,,,Lockheed Martin,White
,,,Software Engineer,6,0,190000,,,,Cruise,Hispanic
,,,Software Engineering Manager,11,0,160000,,,,Amazon,White
,,,Software Engineering Manager,8,0,115000,,,,GSK,White
,,,Software Engineer,6,0,103000,,,,Telus,Asian
,,,Software Engineer,3,0,105000,,,,Maxar Technologies,Asian
,,,Software Engineer,15,0,189000,,,,Google,Asian
,,,Software Engineer,5,0,185000,,,,ByteDance,Asian
,,,Data Scientist,2,0,29000,,,,Yandex,White
,,,Software Engineer,8,0,100000,,,,AppDirect,Asian
,,,Software Engineer,15,0,60000,,,,Microsoft,Asian
,,,Hardware Engineer,0,0,108000,,,,Marvell,Asian
,,,Software Engineer,10,0,140000,,,,iManage,White
,,,Software Engineer,3,0,65000,,,,Shopify,White
,,,Software Engineer,5,0,93000,,,,Broadcom,White
,,,Software Engineer,6,0,84000,,,,Shopify,White
,,,Marketing,10,0,175000,,,,Uber,Asian
,,,Software Engineer,9,0,185000,,,,Splunk,Two Or More
,,,Software Engineer,3,0,150000,,,,Spotify,Black
,,,Software Engineer,3,0,80000,,,,Fidelity Investments,White
,,,Software Engineer,15,0,235000,,,,Bloomberg,Asian
,,,Software Engineer,10,0,188000,,,,Rally Health,White
,,,Software Engineer,14,0,63000,,,,VMware,Asian
,,,Software Engineer,0,0,125000,,,,Snap,Asian
,,,Software Engineer,5,0,105000,,,,Visa,Hispanic
,,,Software Engineer,5,0,152000,,,,Ellie Mae,Asian
,,,Software Engineer,0,0,76000,,,,Workday,Asian
,,,Software Engineer,0,0,23000,,,,VMware,Asian
,,,Management Consultant,8,0,183000,,,,EY-Parthenon,White
,,,Mechanical Engineer,5,0,92000,,,,Raytheon,Asian
,,,Product Designer,3,0,145000,,,,Microsoft,Asian
,,,Software Engineer,3,0,160000,,,,Loom,White
,,,Technical Program Manager,6,0,65000,,,,dexcom,White
,,,Product Manager,15,0,185000,,,,Boeing,White
,,,Software Engineer,6,0,25000,,,,MathWorks,Asian
,,,Marketing,8,0,60000,,,,Asus,Asian
,,,Data Scientist,6,0,103000,,,,Expedia,Asian
,,,Solution Architect,7,0,130000,,,,MongoDB,White
,,,Product Designer,8,0,100000,,,,Amazon,White
,,,Software Engineer,2,0,22000,,,,Microsoft,Asian
,,,Software Engineer,20,0,197000,,,,Google,White
,,,Product Manager,1,0,135000,,,,Intel,Asian
,,,Product Manager,0,0,111000,,,,Microsoft,White
,,,Product Manager,5,0,95000,,,,League,White
,,,Software Engineer,12,0,190000,,,,Twitter,White
,,,Software Engineer,0,0,144000,,,,Salesforce,White
,,,Solution Architect,5,0,100000,,,,Cloudflare,White
,,,Management Consultant,10,0,180000,,,,Slalom,Asian
,,,Software Engineer,2,0,139000,,,,DRW,Two Or More
,,,Product Designer,6,0,121000,,,,Ernst and Young,Two Or More
,,,Software Engineer,9,0,136000,,,,Amazon,Hispanic
,,,Product Manager,13,0,169000,,,,Microsoft,Asian
,,,Software Engineer,18,0,155000,,,,EPAM Systems,White
,,,Software Engineer,4,0,95000,,,,Accenture,Hispanic
,,,Software Engineer,0,0,110000,,,,Microsoft,White
,,,Hardware Engineer,21,0,190000,,,,Intel,Asian
,,,Software Engineer,1,0,165000,,,,Blend,White
,,,Software Engineer,5,0,160000,,,,Amazon,Asian
,,,Software Engineer,4,0,188000,,,,Facebook,Asian
,,,Software Engineer,1,0,115000,,,,Capital One,White
,,,Software Engineer,18,0,270000,,,,Google,Asian
,,,Software Engineer,10,0,144000,,,,Facebook,White
,,,Software Engineer,9,0,64000,,,,New Relic,Two Or More
,,,Software Engineer,3,0,135000,,,,Yelp,White
,,,Software Engineer,2,0,165000,,,,Lyft,White
,,,Software Engineer,5,0,160000,,,,Google,White
,,,Software Engineer,5,0,153000,,,,Google,White
,,,Software Engineer,10,0,227000,,,,Spotify,Hispanic
,,,Marketing,8,0,169000,,,,Facebook,Asian
,,,Software Engineer,3,0,130000,,,,Amazon,White
,,,Product Manager,5,0,101000,,,,Capital One,Asian
,,,Software Engineer,4,0,86000,,,,NextEra Analytics,White
,,,Software Engineer,2,0,123000,,,,Capital One,Asian
,,,Software Engineer,4,0,102000,,,,Target,White
,,,Software Engineer,0,0,120000,,,,HubSpot,White
,,,Product Manager,12,0,200000,,,,Unity Technologies,Asian
,,,Product Manager,28,0,199000,,,,Zillow,White
,,,Technical Program Manager,21,0,177000,,,,Facebook,White
,,,Solution Architect,10,0,210000,,,,Nvidia,White
,,,Software Engineer,5,0,158000,,,,Amazon,White
,,,Software Engineer,1,0,91000,,,,Amazon,Two Or More
,,,Software Engineer,2,0,164000,,,,Amazon,Asian
,,,Management Consultant,12,0,182000,,,,Deloitte,White
,,,Product Manager,19,0,202000,,,,Microsoft,White
,,,Management Consultant,4,0,97000,,,,Ernst and Young,White
,,,Software Engineering Manager,30,0,200000,,,,Cvent,White
,,,Software Engineer,1,0,78000,,,,Comcast,White
,,,Solution Architect,12,0,145000,,,,Disney,Asian
,,,Software Engineer,2,0,100000,,,,AT&T,Asian
,,,Product Manager,0,0,150000,,,,Amazon,Asian
,,,Software Engineer,0,0,113000,,,,Google,White
,,,Software Engineer,5,0,130000,,,,BNY Mellon,White
,,,Software Engineer,3,0,44000,,,,MediaTek,Asian
,,,Product Manager,6,0,72000,,,,Amazon,White
,,,Sales,12,0,108000,,,,Instacart,White
,,,Software Engineer,5,0,180000,,,,Amazon,Asian
,,,Software Engineer,11,0,131000,,,,Amazon,White
,,,Software Engineer,8,0,120000,,,,Atlassian,Asian
,,,Software Engineering Manager,15,0,165000,,,,Indeed,White
,,,Software Engineer,8,0,138000,,,,Amazon,Asian
,,,Product Designer,12,0,187000,,,,New Relic,White
,,,Software Engineer,2,0,140000,,,,Oracle,Asian
,,,Product Designer,10,0,160000,,,,BCG Digital Ventures,White
,,,Software Engineer,2,0,188000,,,,Facebook,Asian
,,,Software Engineer,2,0,130000,,,,AppLovin,Two Or More
,,,Software Engineer,8,0,150000,,,,Google,Asian
,,,Software Engineer,6,0,170000,,,,Zillow,Two Or More
,,,Software Engineer,2,0,38000,,,,LinkedIn,Asian
,,,Business Analyst,4,0,110000,,,,Capital One,Asian
,,,Software Engineer,16,0,211000,,,,Box,Hispanic
,,,Software Engineer,5,0,125000,,,,Microsoft,White
,,,Software Engineer,9,0,155000,,,,Upstart,White
,,,Product Manager,4,0,101000,,,,Amazon,Hispanic
,,,Product Manager,1,0,118000,,,,Facebook,Asian
,,,Software Engineer,0,0,116000,,,,Amazon,White
,,,Hardware Engineer,0,0,111000,,,,Qualcomm,White
,,,Software Engineer,4,0,115000,,,,Comcast,Asian
,,,Software Engineer,5,0,160000,,,,Splunk,Asian
,,,Software Engineer,2,0,20000,,,,Adobe,Asian
,,,Software Engineering Manager,6,0,183000,,,,Twitter,White
,,,Software Engineer,8,0,115000,,,,Goldman Sachs,Two Or More
,,,Software Engineer,2,0,70000,,,,Supermicro,Asian
,,,Software Engineer,6,0,136000,,,,GoDaddy,White
,,,Software Engineer,7,0,75000,,,,Coupang,Asian
,,,Software Engineer,11,0,134000,,,,Red Hat,Asian
,,,Software Engineer,6,0,145000,,,,Oracle,Asian
,,,Software Engineer,3,0,95000,,,,Altran,Asian
,,,Product Manager,0,0,100000,,,,Zscaler,Asian
,,,Software Engineer,2,0,67000,,,,Grab,Asian
,,,Technical Program Manager,3,0,95000,,,,Salesforce,Two Or More
,,,Recruiter,8,0,23000,,,,Atlassian,Asian
,,,Software Engineer,8,0,153000,,,,Compass,White
,,,Mechanical Engineer,22,0,185000,,,,Microsoft,Asian
,,,Hardware Engineer,17,0,187000,,,,Intel Corporation,Asian
,,,Software Engineer,6,0,96000,,,,Google,Asian
,,,Software Engineer,5,0,34000,,,,Microsoft,Asian
,,,Software Engineer,1,0,134000,,,,Google,Asian
,,,Software Engineer,5,0,110000,,,,IBM,White
,,,Software Engineer,21,0,300000,,,,Abbott,Asian
,,,Software Engineer,0,0,100000,,,,SAP,Asian
,,,Software Engineering Manager,10,0,270000,,,,Salesforce,Asian
,,,Software Engineer,3,0,135000,,,,Amazon,Asian
,,,Software Engineer,0,0,118000,,,,Facebook,Asian
,,,Software Engineer,7,0,200000,,,,DoorDash,Asian
,,,Software Engineer,4,0,125000,,,,Sony,Asian
,,,Hardware Engineer,16,0,200000,,,,Intel,Asian
,,,Software Engineer,12,0,225000,,,,Reddit,Black
,,,Software Engineer,5,0,150000,,,,Google,White
,,,Software Engineer,4,0,135000,,,,JPMorgan Chase,Asian
,,,Software Engineer,4,0,151000,,,,Scribd,White
,,,Technical Program Manager,20,0,91000,,,,GlobalFoundries,White
,,,Recruiter,8,0,121000,,,,LinkedIn,White
,,,Software Engineer,10,0,97000,,,,Yelp,White
,,,Software Engineer,10,0,110000,,,,Zendesk,White
,,,Product Manager,10,0,190000,,,,Other,Asian
,,,Product Manager,2,0,131000,,,,Microsoft,White
,,,Business Analyst,23,0,140000,,,,Intel,White
,,,Software Engineer,0,0,120000,,,,VMware,Asian
,,,Software Engineer,4,0,92000,,,,Clearwater Analytics,White
,,,Software Engineer,7,0,130000,,,,Upstart,White
,,,Software Engineer,4,0,36000,,,,Google,Asian
,,,Business Analyst,5,0,104000,,,,Microsoft,White
,,,Software Engineer,6,0,22000,,,,Capgemini,Asian
,,,Software Engineer,7,0,190000,,,,Mapbox,Asian
,,,Software Engineer,4,0,130000,,,,Amazon,White
,,,Software Engineer,4,0,165000,,,,Twitter,Asian
,,,Product Manager,4,0,64000,,,,TELUS,Black
,,,Mechanical Engineer,6,0,113000,,,,Blue Origin,White
,,,Software Engineer,15,0,133000,,,,Apple,Asian
,,,Software Engineer,2,0,87000,,,,JPMorgan Chase,White
,,,Software Engineer,10,0,101000,,,,Booking.com,Asian
,,,Software Engineer,1,0,19000,,,,JPMorgan Chase,Asian
,,,Software Engineer,4,0,100000,,,,Thought Machine,White
,,,Marketing,2,0,78000,,,,PayPal,White
,,,Software Engineer,1,0,100000,,,,ServiceTitan,Asian
,,,Software Engineer,6,0,78000,,,,Cerner,Asian
,,,Software Engineer,9,0,225000,,,,Salesforce,Asian
,,,Hardware Engineer,3,0,108000,,,,Texas Instruments,Asian
,,,Hardware Engineer,10,0,165000,,,,AMD,Asian
,,,Software Engineer,7,0,104000,,,,CrowdStrike,White
,,,Software Engineer,2,0,15000,,,,Samsung,Asian
,,,Software Engineer,1,0,130000,,,,Apple,Asian
,,,Data Scientist,2,0,54000,,,,Accenture,Hispanic
,,,Software Engineer,10,0,150000,,,,T. Rowe Price,White
,,,Software Engineer,8,0,140000,,,,Charter Communications,White
,,,Software Engineer,2,0,43000,,,,Amazon,Asian
,,,Hardware Engineer,6,0,120000,,,,AMD,Asian
,,,Mechanical Engineer,8,0,101000,,,,Boeing,White
,,,Software Engineer,1,0,110000,,,,Intel,Black
,,,Software Engineer,15,0,123000,,,,IBM,White
,,,Software Engineer,12,0,183000,,,,Slack,Hispanic
,,,Software Engineer,7,0,175000,,,,Dropbox,Asian
,,,Software Engineer,15,0,135000,,,,Oracle,Asian
,,,Software Engineer,5,0,166000,,,,Yahoo,Asian
,,,Software Engineer,10,0,115000,,,,Hootsuite,White
,,,Software Engineering Manager,14,0,220000,,,,LinkedIn,Asian
,,,Software Engineer,6,0,46000,,,,Google,Asian
,,,Software Engineer,3,0,130000,,,,VMware,Asian
,,,Product Manager,15,0,280000,,,,Facebook,Asian
,,,Hardware Engineer,12,0,220000,,,,Apple,Asian
,,,Software Engineer,4,0,133000,,,,Microsoft,White
,,,Business Analyst,8,0,120000,,,,Bank of America,White
,,,Software Engineer,4,0,110000,,,,Amazon,White
,,,Management Consultant,8,0,89000,,,,Google,White
,,,Software Engineer,15,0,160000,,,,The Home Depot,Asian
,,,Software Engineering Manager,15,0,27000,,,,Oracle,Asian
,,,Hardware Engineer,15,0,122000,,,,Analog Devices,White
,,,Software Engineer,2,0,130000,,,,Apple,White
,,,Software Engineer,0,0,115000,,,,VMware,Asian
,,,Product Manager,5,0,101000,,,,Visa,Two Or More
,,,Solution Architect,14,0,105000,,,,Cognizant,Asian
,,,Software Engineer,4,0,78000,,,,Tata Consultancy Services,Asian
,,,Software Engineering Manager,17,0,270000,,,,Google,White
,,,Software Engineer,15,0,227000,,,,IBM,White
,,,Mechanical Engineer,8,0,184000,,,,Google,Two Or More
,,,Software Engineer,1,0,71000,,,,Shopify,White
,,,Hardware Engineer,10,0,177000,,,,Amazon,Asian
,,,Software Engineer,0,0,115000,,,,JPMorgan Chase,Asian
,,,Hardware Engineer,6,0,65000,,,,Apple,Asian
,,,Product Designer,7,0,132000,,,,Facebook,White
,,,Sales,3,0,77000,,,,Google,White
,,,Recruiter,7,0,120000,,,,DoorDash,Black
,,,Software Engineer,7,0,59000,,,,Lockheed Martin,White
,,,Software Engineer,5,0,205000,,,,Stripe,Asian
,,,Software Engineer,5,0,130000,,,,VMware,Asian
,,,Software Engineer,4,0,215000,,,,Bloomberg,Asian
,,,Software Engineer,5,0,151000,,,,Ancestry,Asian
,,,Software Engineer,6,0,134000,,,,PayPal,Asian
,,,Software Engineer,0,0,85000,,,,Asurion,White
,,,Software Engineer,5,0,150000,,,,Alation,Asian
,,,Software Engineer,5,0,170000,,,,Apple,Asian
,,,Software Engineer,5,0,133000,,,,Capital One,White
,,,Software Engineer,4,0,144000,,,,IBM,White
,,,Software Engineer,0,0,111000,,,,Microsoft,Hispanic
,,,Software Engineer,2,0,126000,,,,Mozilla,White
,,,Product Manager,10,0,135000,,,,American Express,White
,,,Product Manager,4,0,113000,,,,IBM,Asian
,,,Software Engineer,2,0,45000,,,,Amazon,Asian
,,,Product Manager,8,0,154000,,,,Adobe,Asian
27,Female,Munich,Mobile Developer,1,50000,50000,Startup,,"Kotlin, JavaKotlin, Java / Scala",,
44,Male,Munich,Software Engineer,28,2000,78500,Product,,"C#C/C++, .NET, SQL",,
24,Female,Prague,Software Engineer,3,0,29000,Startup,,"JavaJava / Scala, AWS, Azure, Kubernetes, Docker",,
38,Male,Berlin,Security Engineer,5,3500,80000,Startup,,,,
37,Male,Munich,Software Engineer,14,80000,84000,Product,,"TypescriptPython, Javascript / Typescript, Java / Scala, SQL, AWS, Google Cloud, Docker",,
26,Male,Berlin,Backend Developer,6,0,70000,Product,,"GoPHP, Go",,
22,Male,Berlin,Product Manager,2,30000,35000,Startup,,"PythonPython, SQL, Google Cloud",,
41,Male,Munich,Software Engineer,19,0,75000,Product,,"JavaPHP, Java / Scala, SQL, AWS, Docker",,
35,Female,Berlin,Frontend Developer,12,0,70000,E-commerce,,"Javascript AWS, Docker",,
26,Female,Munich,Data Scientist,6,60000,60000,Product,,"pythonPython, C/C++, SQL, Docker",,
38,Male,Berlin,Backend Developer,8,64000,64000,Product,,"PerlSQL, Go, AWS, Docker",,
35,Male,Ingolstadt,Backend Developer,10,0,65000,Startup,,MagentoPHP,,
30,Male,Frankfurt,Big Data Engineer,3,47000,65000,Consulting and Product,,"PythonSQL, Docker, Apache Spark, Apache Hadoop, Oracle, PostgreSQL, Bash, Apache Impala, Apache Hive",,
30,Male,Berlin,Data Engineer,5,98000,90000,Product,,,,
26,Male,Amsterdam,Data Scientist,2,0,48000,Fintech,,"PythonPython, SQL, Azure",,
30,Male,Munich,Hardware Engineer,5,8000,75000,Product,,VHDLPython,,
34,Female,Berlin,QA Engineer,6,0,67500,Product,,"RubyRuby, Java / Scala, AWS, Kubernetes, Docker",,
34,Male,Berlin,Frontend Developer,10,0,68000,Startup,,"Angular, ReactPython, Javascript / Typescript, Docker",,
31,Male,Berlin,Backend Developer,9,0,67473,Product,,"Grails, GroovyJava / Scala, SQL, AWS",,
37,,Munich,Software Engineer,15,80000,120000,Product,,"CPython, C/C++, Docker",,
41,Female,Munich,Data Engineer,12,5000,68000,Consulting / Agency,,,,
37,Male,Heidelberg,Software Engineer,15,5000,67500,Product,,"ABAPJavascript / Typescript, SAP / ABAP",,
36,Male,Prefer not to say,ML Engineer,6,2500,110000,Startup,,"PythonPython, R, Docker",,
29,Male,Berlin,AI Management,6,78000,92000,Product,,"PythonPython, Azure, Docker",,
32,Male,Berlin,Software Engineer,13,0,83000,Product,,"JavaScriptJavascript / Typescript, SQL, AWS, Docker",,
,Male,Munich,Software Engineer,4,0,56000,Product,,"JavaJavascript / Typescript, AWS, Kubernetes",,
29,Female,Berlin,Software Developer in Test,9,0,66000,Startup,,"JavaJavascript / Typescript, SQL, Docker",,
,,,,,,,,,,,
37,Male,Berlin,Embedded Software Engineer,15,0,78000,Product,,"C/C++Python, C/C++",,
35,Male,Helsinki,Backend Developer,11,56000,66000,Product,,"pythonSQL, AWS, Docker",,
35,Male,Duesseldorf,DevOps,17,0,85000,Consulting / Agency,,"LinuxSQL, AWS, Google Cloud, Azure, Kubernetes, Docker",,
31,Male,Berlin,Data Scientist,5,12000,90000,Product,,"PythonPython, Java / Scala, SQL, AWS, Docker",,
28,Male,Berlin,QA Engineer,5,0,60000,Product,,QAPython,,
39,Male,Berlin,Manager,11,120000,180000,Product,,"Python Python, Kotlin, Java / Scala, AWS",,
46,Male,Munich,Scrum Master,12,10000,85000,Product,,"AgileC/C++, PHP, .NET, SQL",,
33,Male,Berlin,Software Engineer,12,10000,120000,Product,,"GoGo, AWS, Docker",,
33,Male,Munich,Software Engineer,5,60000,61000,Consulting / Agency,,"Embedded C++Python, C/C++",,
34,Male,Berlin,Software Engineer,15,11000,80000,Product,,"JavaJava / Scala, SQL",,
30,Male,Frankfurt,Data Scientist,5,0,52500,Startup,,"PythonJavascript / Typescript, Java / Scala, R, Google Cloud, Azure, Kubernetes, Docker",,
27,Female,Lisbon,Backend Developer,3,1100,17500,Consulting / Agency,,"JavaJava / Scala, SQL",,
36,Male,Berlin,Mobile Developer,10,5000,68000,Product,,AndroidKotlin,,
35,Male,Berlin,Backend Developer,10,15000,75000,Product,,"RubyGo, AWS, Kubernetes, Docker, Elixir",,
30,Male,Berlin,Software Engineer,11,80000,90000,Product,,"Java / ScalaKotlin, Java / Scala, Clojure, Rust, AWS, Kubernetes, Docker",,
35,Male,Frankfurt,ML Engineer,12,30000,120000,Product,,"MLPython, Java / Scala, R, SQL, AWS, Azure",,
32,Male,Munich,Software Engineer,7,0,72000,Startup,,"Python Python, Javascript / Typescript, SQL, Docker",,
25,Male,Brussels ,Data Scientist,1,0,38000,Consulting / Agency,,"Python Python, SQL, AWS",,
28,Male,Zurich,Software Engineer,6,73000,100000,Product,,"C++Python, C/C++, Java / Scala",,
35,Male,Berlin,Software Engineer,15,67000,80000,Consulting / Agency,,".netC/C++, .NET, Go, Docker",,
34,Male,Ingolstadt ,Software Engineer,3.5,53000,55000,Consulting / Agency,,"C++Python, C/C++, Docker",,
35,Male,Berlin,Software Engineer,12,94000,75000,Product,,"KotlinPython, Ruby, Java / Scala, AWS",,
39,Male,Munich,Software Engineer,8,50000,130000,Product,,PythonC/C++,,
36,Male,Munich,IT Spezialist,15,6000,79300,Product,,"AWSJavascript / Typescript, Java / Scala, AWS, Docker",,
25,Female,Amsterdam,Data Scientist,1.5,0,49850,Startup,,"PythonAWS, Docker",,
31,Male,Munich,Software Engineer,3,50400,63000,Product,,"JavaScript Javascript / Typescript, Java / Scala",,
32,Male,Berlin,Backend Developer,10,0,80000,Product,,"RubyPython, Javascript / Typescript, Ruby, SQL, AWS, Docker",,
37,Male,Berlin,Software Engineer,12,31500,65000,Product,,"phpPHP, SQL, Docker",,
27,Female,Berlin,Data Scientist,3,0,58000,Product,,"PythonPython, SQL, Google Cloud, Kubernetes, Docker",,
29,Male,Bonn,Data Scientist,2,0,55200,Product,,PythonSQL,,
42,Male,Den Haag,Backend Developer,20,0,75000,Product,,".NETPython, Javascript / Typescript, SQL, AWS, Docker",,
31,Male,Berlin,Data Analyst,7,20000,83000,Startup,,"SqlPython, R, SQL",,
30,Male,Berlin,Backend Developer,8,5000,74000,Product,,"PythonSQL, AWS, Kubernetes, Docker",,
40,,Berlin,Backend Developer,13,0,72000,Startup,,"pythonPython, Javascript / Typescript, AWS, Docker",,
27,Male,Berlin,Software Engineer,6,92000,82000,Product,,"JavaC/C++, Kubernetes, Docker",,
30,Male,Berlin,Frontend Developer,4,0,73000,Product,,TypeScriptJavascript / Typescript,,
33,Male,Berlin,Software Engineer,10,7000,110000,Product,,"golangGo, Google Cloud, Kubernetes, Docker",,
28,Male,Munich,Network Administrator,9,6200,61200,Automotive,,,,
30,Female,Munich,Frontend Developer,9,4000,60000,Product,,"JavaScript, TypeScriptPHP",,
24,Male,Berlin,Software Engineer,2,35000,50000,Product,,"JavascriptJavascript / Typescript, Java / Scala, SQL, AWS, Docker",,
56,Male,Munich,Software Engineer,30,100000,110000,Product,,"c++Python, C/C++, Javascript / Typescript, Java / Scala, AWS, Kubernetes, Docker",,
29,Male,Berlin,Frontend Developer,8,72000,77250,Product,,"JavScriptJavascript / Typescript, AWS, Docker",,
33,Male,Berlin,Engineering Manager,15,0,85000,Product,,"JavaKotlin, Java / Scala, AWS, Kubernetes, Docker",,
30,Male,Munich,DevOps,8,63000,70200,Product,,,,
40,Male,Berlin,QA Engineer,11,1000,60000,Product,,"PythonPython, Java / Scala",,
33,Male,Berlin,Data Engineer,13,75000,85000,Startup,,"PythonPython, Java / Scala, SQL, AWS, Kubernetes, Docker",,
38,Male,Berlin,Mobile Developer,10,5000,70000,Product,,"SwiftSwift, Objective-C",,
29,Male,Munich,Backend Developer,8,6000,95000,Product,,JavaSQL,,
28,Male,Berlin,Software Engineer,6,60000,65000,Startup,,"JavaKotlin, Java / Scala, SQL, AWS, Kubernetes, Docker",,
34,Male,Berlin,Mobile Developer,11,75000,80000,Product,,"kotlinKotlin, Javascript / Typescript, AWS, Google Cloud, Kubernetes, Docker",,
31,Female,Berlin,QA Engineer,11,"learning budget, bvg, gym, food",57000,Startup,,"JSRuby, SQL",,
31,Male,Paris,Mobile Developer,8,6000,60000,Product,,SwiftSwift,,
26,Male,Munich,Software Engineer,5,10000,80000,Product,,"TypeScriptKotlin, Javascript / Typescript",,
31,Male,Berlin,Software Engineer,7,12500,75000,Product,,"JavaSQL, AWS, Kubernetes, Docker",,
30,Male,Stockholm,Backend Developer,7,9000,65000,Product,,"C++Python, C/C++, Java / Scala, AWS, Kubernetes, Docker",,
29,Male,Stuttgart ,Software Engineer,7,0,70000,Product,,,,
37,Male,Berlin,Product Manager,6,60000,62000,Product,,,,
41,Male,Berlin,Software Engineer,18,80000,100000,Product,,"PHPSQL, Google Cloud, Kubernetes, Docker",,
33,Male,Munich,Software Engineer,9,0,100000,Product,,"JavaPython, Kotlin, Javascript / Typescript, SQL, AWS, Docker",,
26,Male,Berlin,Data Engineer,2,31000,54000,Product,,"PythonPython, SQL, AWS, Google Cloud, Kubernetes, Docker",,
30,Female,Cologne,Data Scientist,8,6800,85000,Utilities,,"Python, cloud computing Python, SQL, AWS, Azure",,
54,Male,Milano,Sales ,31,100000,110000,Consulting / Agency,,Network AutomationPython,,
32,Female,Berlin,Product Manager,10,5400,60000,Consulting / Agency,,,,
34,Male,Berlin,Mobile Developer,9,0,72000,Product,,"AndroidKotlin, Java / Scala",,
32,Male,Berlin,Software Engineer,10,0,120000,Concern,,TypeScriptJavascript / Typescript,,
31,Male,Munich,DevOps,8,2000,62000,Product,,,,
35,Male,Cologne,Software Engineer,14,70000,72000,Product,,"C++Python, C/C++, SQL",,
35,Female,Munich,Backend Developer,4,3500,51000,Insurance,,"PHPPHP, Javascript / Typescript, Java / Scala",,
35,Male,Konstanz,Data Scientist,10,0,65000,Product,,"pythonPython, Azure, Kubernetes",,
25,Male,Berlin,Solutions Architect,6,0,100000,Product,,"Apache SparkPython, Java / Scala",,
28,Male,Munich,IT Manager,6,65000,65000,Consulting / Agency,,,,
34,Male,Berlin,DevOps,6,60000,62000,Media,,"Java, terraformPython, Kotlin, Javascript / Typescript, Java / Scala, AWS, Kubernetes, Docker",,
33,Male,Berlin,Researcher/ Consumer Insights Analyst ,10,2500,60000,Product,,,,
28,Female,Berlin,Software Engineer,3,0,60000,Startup,,"JavascriptPHP, Javascript / Typescript",,
27,Female,Munich,Frontend Developer,2,0,64000,Startup,,JavaScriptJavascript / Typescript,,
35,Male,Dusseldorf,Data Scientist,3,8000,68000,E-Commerce,,"PythonSQL, AWS",,
39,Male,Berlin,Product Manager,10,200000,120000,Product,,,,
42,Female,Munich,Software tester ,12,39000,47500,Product,,,,
30,Male,Berlin,Backend Developer,4,0,58000,Product,,pythonPython,,
30,Male,Berlin,Software Engineer,9,0,77000,Product,,"TypeScript, KotlinKotlin, Javascript / Typescript, Rust",,
32,Male,Amsterdam,Mobile Developer,13,84000,85000,Bank,,KotlinKotlin,,
25,Male,Hamburg,Data Scientist,2,48000,48000,Product,,Python.NET,,
26,Male,Berlin,Backend Developer,2,700,25000,Product,,"PhpPHP, Javascript / Typescript, SQL, Docker",,
26,Male,Berlin,DevOps,2,0,65000,Startup,,"yamlPython, AWS, Kubernetes, Docker, terraform, ansible",,
36,Male,Stuttgart,Mobile Developer,16,0,62500,Product,,"JavaKotlin, Java / Scala, SQL, AWS, Docker",,
43,Male,Munich,Product Manager,18,6000,115000,Product,,.NETKotlin,,
38,Male,Berlin,Head of Engineering,18,20000,90000,Product,,,,
32,Male,Stuttgart,QA Engineer,9,5000,60000,Consulting / Agency,,"JavaR, SQL, Perl, Docker",,
35,Male,Berlin,Data Scientist,15,0,60000,Product,,C++Python,,
31,Male,Berlin,Data Engineer,4,0,50000,Product,,"PythonPython, SQL, AWS, Docker",,
27,Male,Berlin,ML Engineer,6,0,82000,Product,,PythonAWS,,
32,Male,Munich,Fullstack Developer,9,3000,70000,Product,,"JavaJavascript / Typescript, Kubernetes, Docker, Angular",,
37,Male,Berlin,Mobile Developer,16,0,65000,Product,,"iOSKotlin, C/C++, Swift, Ruby",,
38,Male,Berlin,Data Scientist,15,59000,56000,Product,,"PythonPython, SQL, AWS",,
27,Male,Tuttlingen,Software Engineer,4,2000,46000,Product,,C#.NET,,
38,Male,Berlin,Freelance AI lead / advisor,20,80000,200000,Consulting / Agency,,"CPython, C/C++, Docker",,
32,Male,Berlin,Backend Developer,4,57000,65000,Product,,"RubyPython, SQL, Go, AWS, Kubernetes, Docker",,
34,Male,Munich,DevOps,12,8000,72000,Product,,"JavaPython, SQL, Perl",,
30,Male,Berlin,Software Engineer,8,0,60000,Product,,,,
26,Male,Eindhoven,ML Engineer,3,0,48000,Product,,"PythonPython, C/C++, Docker, Tensorflow, PyTorch",,
24,Male,Berlin,Data Scientist,4,50000,73000,Startup,,"PythonPython, AWS, Docker",,
30,Male,Kiev,Backend Developer,8,0,27000,Product,,"Web developerPHP, Javascript / Typescript, SQL, Docker",,
36,Male,Frankfurt,Software Engineer,16,0,65000,Consulting / Agency,,".Net.NET, SQL",,
37,Male,Munich,Backend Developer,12,5000,62000,Product,,"phpJavascript / Typescript, Docker",,
35,Male,Berlin,Software Engineer,8,50000,90000,Product,,"GoJava / Scala, Go, AWS, Google Cloud, Azure, Kubernetes, Docker",,
32,Male,Innsbruck,Data Scientist,3,3000,62000,Product,,"PythonR, SQL, AWS, Google Cloud",,
39,Male,Munich,Software Architect,20,46000,122000,Product,,"embeddedC/C++, Clojure, Assembly",,
24,Male,Munich,Software Engineer,5,33000,79000,Product,,"C++Javascript / Typescript, Go",,
43,Male,Stuttgart,SAP Consultant,20,10000,82000,Product,,"SAP / ABAPSQL, SAP / ABAP",,
28,Male,warsaw,Data Scientist,3,30000,50000,Product,,"PythonJava / Scala, SQL, AWS, Google Cloud",,
38,Male,Munich,Software Engineer,15,75000,70000,Product,,"JavaJava / Scala, Kubernetes, Docker",,
30,Male,Stuttgart,Software Engineer,8,6900,71000,Product,,C++SQL,,
27,Male,Frankfurt,Software Engineer,5,0,48000,Consulting / Agency,,"C#/.NETC/C++, SQL, VBA",,
29,Male,Berlin,Data Engineer,3,0,54000,Utilities,,"AzurePython, SQL, Azure",,
42,Male,Berlin,Frontend Developer,18,82000,850000,Product,,React JSJavascript / Typescript,,
35,Male,Munich,Software Engineer,14,22500,98000,Product,,"C++Python, C/C++",,
29,Male,Berlin,Data Scientist,5,0,75000,Startup,,"PythonPython, R, SQL, Google Cloud",,
26,Male,Munich,Data Scientist,3,300,65000,Product,,"PythonPython, SQL, AWS, Docker",,
40,Male,Cupertino,Software Engineer,20,300000,250000,Product,,,,
42,Male,Berlin,Software Engineer,17,3000,75000,Startup,,"GoRuby, AWS, Kubernetes, Docker",,
30,Male,Berlin,Software Engineer,8,3500,80000,Product,,"JavaScriptPython, Javascript / Typescript, Java / Scala, Go, Kubernetes, Docker",,
22,Male,Frankfurt,Software Engineer,2,3000,45000,Bank,,,,
30,Male,Berlin,Backend Developer,6,65000,75000,Product,,"RubySQL, Elixir",,
34,Male,Stuttgart ,Software Engineer,6,0,90000,Product,,"C++Python, Javascript / Typescript, Java / Scala, R, SQL, AWS, Google Cloud, Azure, Kubernetes, Docker",,
32,Male,Frankfurt,Network Engineer ,10,70000,68500,Product,,"Python Python, Docker",,
35,Male,Berlin,Designer (UI/UX),10,0,50400,Consulting / Agency,,,,
34,Male,Munich,Software Engineer,13,60000,72000,Product,,".NET.NET, SQL",,
32,Male,Hamburg,Software Engineer,12,1000,66300,Product,,"JavaKotlin, PHP, Javascript / Typescript, Java / Scala",,
32,Male,Berlin,Data Scientist,10,15000,110000,Consulting / Agency,,,,
29,Male,Barcelona,Data Scientist,0,500,22000,Product,,"PythonR, SQL",,
33,Male,Berlin,Backend Developer,13,0,83000,Startup,,"PythonPython, Go, Docker",,
38,Male,Munich,Backend Developer,12,1500,70000,Telecommunications,,"JavaPHP, Javascript / Typescript, SQL",,
32,Male,Berlin,Software Engineer,10,0,65000,Startup,,"javascriptJavascript / Typescript, SQL, AWS, Docker",,
41,Male,Berlin,Software Engineer,19,7500,95500,Product,,"PythonC/C++, SQL, AWS, Kubernetes, Docker",,
,,,,,,,,,,,
32,Male,Dusseldorf,Software Engineer,11,49000,60000,Consulting / Agency,,".netJavascript / Typescript, Java / Scala, Go",,
32,Female,Munich,Data Engineer,10,0,75000,Startup,,"PythonPython, SQL, AWS, Docker, Spark, Airflow",,
34,Female,Berlin,Software Engineer,9,7000,78000,Product,,"KotlinPython, Kotlin, Java / Scala, Google Cloud, Kubernetes, Docker",,
35,Male,Berlin,Software Engineer,10,78000,78000,Product,,"phpPython, PHP, Javascript / Typescript, SQL",,
35,Male,Berlin,Engineering Manager,20,0,85000,Product,,"GoPHP, Java / Scala, Go, AWS, Docker",,
39,Female,Berlin,Data Scientist,2.5,60000,60000,corporate incubator,,"pythonC/C++, R, SQL",,
28,Male,Berlin,Data Scientist,4,5500,70000,Product,,"Python Java / Scala, R, SQL, Docker, Julia ",,
33,Male,Dusseldorf,Data Scientist,2,66000,70000,Product,,"SparkPython, Docker",,
40,Male,Berlin,Backend Developer,18,0,60000,Product,,"phpPHP, SQL, Go, Docker, Postgres",,
36,Male,Regensburg,Software Engineer,10,6000,66000,Consulting / Agency,,"C#Javascript / Typescript, .NET, SQL",,
33,Male,Berlin,Data Scientist,5,4000,150000,Product,,"PythonPython, R, Google Cloud, Docker",,
26,Male,Berlin,Data Scientist,4,6000,60000,Ecommerce,,"PythonPython, SQL, Google Cloud, Docker",,
31,Male,Berlin,Backend Developer,7,70000,75000,Product,,GoGo,,
30,Female,Berlin,Data Scientist,6,63000,76000,Product,,"pythonPython, SQL, Google Cloud, Kubernetes, Docker",,
45,Male,Munich,Data Architect,19,2500,90000,Multinational ,,,,
37,Male,Berlin,Cloud Engineer,15,7000,72000,Product,,"CloudPython, .NET, Azure, Kubernetes, Docker",,
40,Male,Munich,Data Engineer,15,10000,90000,Product,,"SQLPython, Javascript / Typescript, .NET, Java / Scala, SQL, Go, AWS, Azure, Docker",,
30,Male,Berlin,DevOps,7,10000,70000,Product,,,,
30,Male,Hamburg,Data Scientist,5,80000,80000,Startup,,"PythonR, SQL, AWS",,
31,Female,Munich,Software Engineer,2,1500,58000,Product,,JavaSQL,,
24,Male,Berlin,Frontend Developer,5,0,68250,Product,,TypeScriptJavascript / Typescript,,
30,Male,Moscow,Backend Developer,2,18000,50000,Product,,,,
31,Male,Berlin,Frontend Developer,10,101,71060,Startup,,"JavascriptJavascript / Typescript, SQL, Google Cloud, Docker",,
29,Male,Munich,Software Engineer,7,2500,80000,Product,,"JavaScript Kotlin, Javascript / Typescript, Java / Scala, Docker",,
27,Male,Munich,Software Engineer,5,0,71000,Product,,,,
35,Female,Stuttgart ,QA Manager ,9,0,60000,Consulting / Agency,,,,
29,Male,Berlin,Frontend Developer,8,0,82500,Product,,"JavaScriptKubernetes, Docker",,
36,Female,Munich,Frontend Developer,10,0,48000,Product,,javascriptJavascript / Typescript,,
31,Male,Nuremberg,QA Engineer,9,59000,60000,Product,,"JavaJavascript / Typescript, Java / Scala",,
28,Male,Munich,Software Engineer,7,4000,63000,Product,,"JavaKotlin, Java / Scala, Go, AWS, Kubernetes, Docker",,
25,Male,Berlin,Backend Developer,6,5000,86000,Startup,,"GoPython, SQL, Go, AWS, Kubernetes, Docker",,
28,Female,Berlin,Backend Developer,3,0,65000,Product,,"PythonAWS, Docker",,
22,Female,Eindhoven,Frontend Developer,2,-,24000,Product,,"JSJavascript / Typescript, SQL, Docker",,
30,Male,Berlin,Backend Developer,9,87000,85000,Product,,"ScalaJava / Scala, AWS, Kubernetes",,
32,Male,Munich,Software Engineer,13,31000,95000,Product,,"JavaJavascript / Typescript, SQL, AWS, Docker",,
32,Female,Cologne,Data Scientist,4,78000,85000,consumer goods,,,,
22,Diverse,Cologne,QA Engineer,1,23000,159000,Product,,CobolPerl,,
35,Male,Frankfurt,Manager ,6,7500,90000,Product,,"CPython, C/C++, Docker",,
33,Male,Munich,Frontend Developer,10,5000,100000,Startup,,"JavascriptPython, Javascript / Typescript",,
33,Female,Berlin,Frontend Developer,13,3800,47745,Product,,"Angular, TypeScriptJavascript / Typescript",,
24,Male,Cologne,Data Scientist,1,7000,57600,Consulting / Agency,,"PythonSQL, Google Cloud, Kubernetes, Docker",,
31,Male,Berlin,ML Engineer,7,0,80000,Product,,"PythonAWS, Kubernetes, Docker",,
40,Male,Braunschweig ,SAP BW Senior Consultant ,11,4800,75000,Financial ,,SAP BW / ABAPSAP / ABAP,,
29,Male,Berlin,DevOps,11,0,140000,Startup,,"TypeScriptPython, Javascript / Typescript, SQL, Google Cloud, Kubernetes, Docker",,
27,Female,Berlin,Data Scientist,5,60000,75000,Product,,"Python SQL, AWS, Google Cloud, Docker",,
31,Male,Berlin,Mobile Developer,10,64000,80000,Product,,SwiftSwift,,
27,Female,Berlin,Data Analyst ,1,46000,63000,Product,,"Python, SQLPython, SQL",,
,Male,Berlin,Data Engineer,7.5,0,68000,Product,,"SQLPython, SQL, AWS, Kubernetes, Docker",,
31,Male,Berlin,DevOps,11,0,81000,Startup,,"TerraformPHP, SQL, AWS, Docker",,
35,Male,Berlin,Support Engineer,10,60000,63500,Product,,"PHPSQL, AWS, Docker",,
35,Male,Berlin,Backend Developer,13,0,68000,Product,,"PhpPHP, SQL, Go, AWS, Docker",,
29,Male,Munich,Software Engineer,4,4000,78000,Semiconductor,,"RPython, SQL",,
28,Male,Berlin,Backend Developer,9,45000,60000,Product,,"PHPSQL, AWS, Docker",,
25,Male,Berlin,Software Engineer,6,600,63700,e-commerce,,"JavaPython, Java / Scala, Go, AWS, Kubernetes, Docker",,
34,Male,Hannover,Hardware Engineer,12,0,56000,Product,,,,
34,Male,Berlin,Backend Developer,14,90000,96000,Startup,,"KotlinPython, Kotlin, Java / Scala, SQL, AWS, Kubernetes, Docker",,
29,Male,Hamburg,Backend Developer,7,500,60350,Product,,"RubyGo, Kubernetes, Docker",,
29,Female,Munich,Software Engineer,5,4000,67000,Product,,"NodeJS, Typescript, AWSJavascript / Typescript, Java / Scala, AWS",,
32,Male,Berlin,Software Engineer,9,1000,73000,Product,,"EmbeddedPython, C/C++, Go",,
45,Male,Berlin,Mobile Developer,10,2000,77000,Product,,"SWIFTSwift, Javascript / Typescript, Java / Scala, Google Cloud",,
23,Female,Berlin,Data analyst ,1,36000,36000,Startup,,"Sql Python, R, SQL, Google Cloud",,
33,Male,Berlin,Backend Developer,8,20000,90000,Product,,"NodeJSPython, Javascript / Typescript, SQL, AWS, Azure, Kubernetes, Docker",,
33,Male,Munich,Backend Developer,10,70000,70000,Consulting / Agency,,"JavaPython, Kotlin, Go, Kubernetes",,
34,Male,Berlin,Backend Developer,14,90000,95000,Product,,"KotlinJava / Scala, SQL, AWS, Kubernetes, Docker",,
31,Male,Berlin,Product Manager,5,20000,76000,Startup,,,,
,,,,,,,,,,,
38,Male,Berlin,Fullstack Developer,1,0,45500,Startup,,Javascript/TypescriptAWS,,
35,Male,Dusseldorf,Product Manager,5,54000,56000,Product,,,,
28,Male,Frankfurt,Frontend Developer,7,4000,80000,Startup,,"JavascriptJavascript / Typescript, AWS, Azure, Docker",,
32,Male,Vienna,DataOps Team Lead,10,35000,80000,Transport & Logistics,,"JavaJavascript / Typescript, SQL, Go, Google Cloud, Kubernetes, Docker",,
35,Male,Berlin,Data Scientist,12,10000,77000,Startup,,"PythonR, SQL, AWS, Docker",,
30,Male,Berlin,Software Engineer,10,1000,78000,Startup,,"PythonPython, SQL",,
30,Female,Berlin,Frontend Developer,3,0,57600,Product,,"JavaScript AWS, Docker",,
45,Male,Berlin,Software Engineer,25,20000,75000,Product,,"c++Python, C/C++, Javascript / Typescript, Ruby, .NET, Java / Scala, SQL, Go, AWS, Kubernetes",,
35,Male,Berlin,Software Engineer,20,0,100000,Product,,"JavaScriptJavascript / Typescript, AWS, Kubernetes, Docker",,
34,Male,Munich,Solutions Architect,14,10000,95000,Startup,,"BlockchainPython, Kotlin, Java / Scala, SQL, Go, AWS, Google Cloud, Kubernetes, Docker",,
27,Male,Berlin,Software Engineer,2,87000,90000,Product,,DWHSQL,,
35,Male,Stuttgart,Security Manager,14,4000,80000,Product,,,,
24,Male,Tallinn,Software Engineer,3,0,30000,Product,,"JavaPython, SQL",,
33,Male,Berlin,Software Engineer,7,58000,62000,Consulting / Agency,,"Java, JavaScriptJavascript / Typescript, Java / Scala, SQL",,
38,Male,Berlin,Software Engineer,12,30000,92000,Product,,JavaKotlin,,
34,Male,Berlin,Software Engineer,10,8000,76000,Product,,C++Python,,
24,Male,Frankfurt,Frontend Developer,3,0,44000,Product,,"JavaScriptJavascript / Typescript, Docker",,
31,Male,Hamburg,ML Engineer,3,0,70000,Startup,,"Python Kubernetes, Docker",,
33,Female,Munich,Software Engineer,10,0,47500,Outsourse,,JavaSQL,,
33,Male,Munich,DevOps,15,85000,90000,Product,,"KubernetesAWS, Google Cloud, Azure, Docker",,
34,Male,Leipzig,Mobile Developer,14,52000,60000,Consulting / Agency,,"AndroidKotlin, Java / Scala, Azure",,